input,target
Cryptocurrency values surged overnight.,Business
Fans gathered to celebrate the unexpected victory.,Sports
A merger between two large firms was finalized.,Business
A controversial referee decision changed the outcome.,Sports
Investors are cautious due to inflation concerns.,Business
Scientists discovered a new species of marine life.,Sci/Tech
A controversial referee decision changed the outcome.,Sports
The coach was praised for his bold strategy.,Sports
Scientists discovered a new species of marine life.,Sci/Tech
A controversial referee decision changed the outcome.,Sports
A peace agreement was signed after months of talks.,World
Protests erupted in the capital city last night.,World
Protests erupted in the capital city last night.,World
Cryptocurrency values surged overnight.,Business
The coach was praised for his bold strategy.,Sports
SpaceX launched another rocket into low Earth orbit.,Sci/Tech
The new AI model can generate realistic images.,Sci/Tech
The coach was praised for his bold strategy.,Sports
The player scored a hat-trick in the final.,Sports
The team won the championship after a dramatic game.,Sports
Stock prices dropped after the interest rate hike.,Business
A controversial referee decision changed the outcome.,Sports
The summit focused on climate change and cooperation.,World
The company announced record profits this quarter.,Business
The player scored a hat-trick in the final.,Sports
A solar-powered vehicle broke speed records.,Sci/Tech
International aid was sent after the natural disaster.,World
The player scored a hat-trick in the final.,Sports
Stock prices dropped after the interest rate hike.,Business
The coach was praised for his bold strategy.,Sports
The new AI model can generate realistic images.,Sci/Tech
The company announced record profits this quarter.,Business
The company announced record profits this quarter.,Business
The company announced record profits this quarter.,Business
The company announced record profits this quarter.,Business
The summit focused on climate change and cooperation.,World
The coach was praised for his bold strategy.,Sports
The company announced record profits this quarter.,Business
Fans gathered to celebrate the unexpected victory.,Sports
The new AI model can generate realistic images.,Sci/Tech
A peace agreement was signed after months of talks.,World
Scientists discovered a new species of marine life.,Sci/Tech
Investors are cautious due to inflation concerns.,Business
Elections were held amid growing political tensions.,World
Scientists discovered a new species of marine life.,Sci/Tech
The summit focused on climate change and cooperation.,World
A major breakthrough was made in cancer research.,Sci/Tech
Scientists discovered a new species of marine life.,Sci/Tech
The new AI model can generate realistic images.,Sci/Tech
Stock prices dropped after the interest rate hike.,Business
Elections were held amid growing political tensions.,World
The team won the championship after a dramatic game.,Sports
A controversial referee decision changed the outcome.,Sports
The player scored a hat-trick in the final.,Sports
A major breakthrough was made in cancer research.,Sci/Tech
A major breakthrough was made in cancer research.,Sci/Tech
Fans gathered to celebrate the unexpected victory.,Sports
The player scored a hat-trick in the final.,Sports
The company announced record profits this quarter.,Business
Elections were held amid growing political tensions.,World
A controversial referee decision changed the outcome.,Sports
Investors are cautious due to inflation concerns.,Business
A peace agreement was signed after months of talks.,World
The team won the championship after a dramatic game.,Sports
Protests erupted in the capital city last night.,World
The team won the championship after a dramatic game.,Sports
A peace agreement was signed after months of talks.,World
The player scored a hat-trick in the final.,Sports
The company announced record profits this quarter.,Business
A solar-powered vehicle broke speed records.,Sci/Tech
Protests erupted in the capital city last night.,World
Fans gathered to celebrate the unexpected victory.,Sports
A merger between two large firms was finalized.,Business
Fans gathered to celebrate the unexpected victory.,Sports
A peace agreement was signed after months of talks.,World
International aid was sent after the natural disaster.,World
The coach was praised for his bold strategy.,Sports
The player scored a hat-trick in the final.,Sports
A solar-powered vehicle broke speed records.,Sci/Tech
Scientists discovered a new species of marine life.,Sci/Tech
Investors are cautious due to inflation concerns.,Business
Elections were held amid growing political tensions.,World
A controversial referee decision changed the outcome.,Sports
The new AI model can generate realistic images.,Sci/Tech
Cryptocurrency values surged overnight.,Business
A merger between two large firms was finalized.,Business
The team won the championship after a dramatic game.,Sports
The summit focused on climate change and cooperation.,World
The team won the championship after a dramatic game.,Sports
Protests erupted in the capital city last night.,World
Fans gathered to celebrate the unexpected victory.,Sports
A merger between two large firms was finalized.,Business
The summit focused on climate change and cooperation.,World
A controversial referee decision changed the outcome.,Sports
The company announced record profits this quarter.,Business
Cryptocurrency values surged overnight.,Business
A solar-powered vehicle broke speed records.,Sci/Tech
The new AI model can generate realistic images.,Sci/Tech
Cryptocurrency values surged overnight.,Business
Scientists discovered a new species of marine life.,Sci/Tech
The player scored a hat-trick in the final.,Sports
Cryptocurrency values surged overnight.,Business
The team won the championship after a dramatic game.,Sports
The player scored a hat-trick in the final.,Sports
Protests erupted in the capital city last night.,World
International aid was sent after the natural disaster.,World
The player scored a hat-trick in the final.,Sports
International aid was sent after the natural disaster.,World
Stock prices dropped after the interest rate hike.,Business
A major breakthrough was made in cancer research.,Sci/Tech
Protests erupted in the capital city last night.,World
The player scored a hat-trick in the final.,Sports
A merger between two large firms was finalized.,Business
The player scored a hat-trick in the final.,Sports
Elections were held amid growing political tensions.,World
Scientists discovered a new species of marine life.,Sci/Tech
Stock prices dropped after the interest rate hike.,Business
Scientists discovered a new species of marine life.,Sci/Tech
International aid was sent after the natural disaster.,World
International aid was sent after the natural disaster.,World
A merger between two large firms was finalized.,Business
Stock prices dropped after the interest rate hike.,Business
A controversial referee decision changed the outcome.,Sports
SpaceX launched another rocket into low Earth orbit.,Sci/Tech
The summit focused on climate change and cooperation.,World
Elections were held amid growing political tensions.,World
The new AI model can generate realistic images.,Sci/Tech
SpaceX launched another rocket into low Earth orbit.,Sci/Tech
International aid was sent after the natural disaster.,World
The company announced record profits this quarter.,Business
Protests erupted in the capital city last night.,World
A controversial referee decision changed the outcome.,Sports
Stock prices dropped after the interest rate hike.,Business
Stock prices dropped after the interest rate hike.,Business
Stock prices dropped after the interest rate hike.,Business
The coach was praised for his bold strategy.,Sports
A merger between two large firms was finalized.,Business
International aid was sent after the natural disaster.,World
International aid was sent after the natural disaster.,World
A peace agreement was signed after months of talks.,World
SpaceX launched another rocket into low Earth orbit.,Sci/Tech
Cryptocurrency values surged overnight.,Business
The company announced record profits this quarter.,Business
The coach was praised for his bold strategy.,Sports
The player scored a hat-trick in the final.,Sports
A merger between two large firms was finalized.,Business
Scientists discovered a new species of marine life.,Sci/Tech
The company announced record profits this quarter.,Business
International aid was sent after the natural disaster.,World
The team won the championship after a dramatic game.,Sports
Scientists discovered a new species of marine life.,Sci/Tech
The new AI model can generate realistic images.,Sci/Tech
Cryptocurrency values surged overnight.,Business
The team won the championship after a dramatic game.,Sports
Protests erupted in the capital city last night.,World
The summit focused on climate change and cooperation.,World
The team won the championship after a dramatic game.,Sports
The company announced record profits this quarter.,Business
Investors are cautious due to inflation concerns.,Business
Scientists discovered a new species of marine life.,Sci/Tech
Fans gathered to celebrate the unexpected victory.,Sports
The team won the championship after a dramatic game.,Sports
The new AI model can generate realistic images.,Sci/Tech
The summit focused on climate change and cooperation.,World
Elections were held amid growing political tensions.,World
Stock prices dropped after the interest rate hike.,Business
SpaceX launched another rocket into low Earth orbit.,Sci/Tech
Elections were held amid growing political tensions.,World
A merger between two large firms was finalized.,Business
Stock prices dropped after the interest rate hike.,Business
Investors are cautious due to inflation concerns.,Business
Fans gathered to celebrate the unexpected victory.,Sports
SpaceX launched another rocket into low Earth orbit.,Sci/Tech
The player scored a hat-trick in the final.,Sports
A controversial referee decision changed the outcome.,Sports
Elections were held amid growing political tensions.,World
Fans gathered to celebrate the unexpected victory.,Sports
The company announced record profits this quarter.,Business
The coach was praised for his bold strategy.,Sports
Investors are cautious due to inflation concerns.,Business
A peace agreement was signed after months of talks.,World
Fans gathered to celebrate the unexpected victory.,Sports
The company announced record profits this quarter.,Business
Elections were held amid growing political tensions.,World
A solar-powered vehicle broke speed records.,Sci/Tech
Stock prices dropped after the interest rate hike.,Business
International aid was sent after the natural disaster.,World
Cryptocurrency values surged overnight.,Business
Investors are cautious due to inflation concerns.,Business
SpaceX launched another rocket into low Earth orbit.,Sci/Tech
The coach was praised for his bold strategy.,Sports
The summit focused on climate change and cooperation.,World
The coach was praised for his bold strategy.,Sports
The company announced record profits this quarter.,Business
A merger between two large firms was finalized.,Business
Elections were held amid growing political tensions.,World
Investors are cautious due to inflation concerns.,Business
Scientists discovered a new species of marine life.,Sci/Tech
A controversial referee decision changed the outcome.,Sports
Protests erupted in the capital city last night.,World
The company announced record profits this quarter.,Business
Cryptocurrency values surged overnight.,Business
Investors are cautious due to inflation concerns.,Business
The player scored a hat-trick in the final.,Sports
The company announced record profits this quarter.,Business
Stock prices dropped after the interest rate hike.,Business
A major breakthrough was made in cancer research.,Sci/Tech
The coach was praised for his bold strategy.,Sports
The new AI model can generate realistic images.,Sci/Tech
Cryptocurrency values surged overnight.,Business
A major breakthrough was made in cancer research.,Sci/Tech
A solar-powered vehicle broke speed records.,Sci/Tech
Stock prices dropped after the interest rate hike.,Business
A merger between two large firms was finalized.,Business
Investors are cautious due to inflation concerns.,Business
A controversial referee decision changed the outcome.,Sports
SpaceX launched another rocket into low Earth orbit.,Sci/Tech
Scientists discovered a new species of marine life.,Sci/Tech
A controversial referee decision changed the outcome.,Sports
Investors are cautious due to inflation concerns.,Business
A merger between two large firms was finalized.,Business
Investors are cautious due to inflation concerns.,Business
The new AI model can generate realistic images.,Sci/Tech
A peace agreement was signed after months of talks.,World
Scientists discovered a new species of marine life.,Sci/Tech
The summit focused on climate change and cooperation.,World
Elections were held amid growing political tensions.,World
The team won the championship after a dramatic game.,Sports
International aid was sent after the natural disaster.,World
Investors are cautious due to inflation concerns.,Business
Elections were held amid growing political tensions.,World
A major breakthrough was made in cancer research.,Sci/Tech
Stock prices dropped after the interest rate hike.,Business
Cryptocurrency values surged overnight.,Business
Scientists discovered a new species of marine life.,Sci/Tech
Stock prices dropped after the interest rate hike.,Business
A merger between two large firms was finalized.,Business
A controversial referee decision changed the outcome.,Sports
SpaceX launched another rocket into low Earth orbit.,Sci/Tech
Investors are cautious due to inflation concerns.,Business
Investors are cautious due to inflation concerns.,Business
A peace agreement was signed after months of talks.,World
The player scored a hat-trick in the final.,Sports
Protests erupted in the capital city last night.,World
A peace agreement was signed after months of talks.,World
SpaceX launched another rocket into low Earth orbit.,Sci/Tech
The player scored a hat-trick in the final.,Sports
The new AI model can generate realistic images.,Sci/Tech
Scientists discovered a new species of marine life.,Sci/Tech
The new AI model can generate realistic images.,Sci/Tech
Cryptocurrency values surged overnight.,Business
A peace agreement was signed after months of talks.,World
The team won the championship after a dramatic game.,Sports
A major breakthrough was made in cancer research.,Sci/Tech
Protests erupted in the capital city last night.,World
The team won the championship after a dramatic game.,Sports
The company announced record profits this quarter.,Business
Investors are cautious due to inflation concerns.,Business
International aid was sent after the natural disaster.,World
Scientists discovered a new species of marine life.,Sci/Tech
The coach was praised for his bold strategy.,Sports
The player scored a hat-trick in the final.,Sports
A peace agreement was signed after months of talks.,World
A major breakthrough was made in cancer research.,Sci/Tech
A major breakthrough was made in cancer research.,Sci/Tech
Stock prices dropped after the interest rate hike.,Business
Protests erupted in the capital city last night.,World
A merger between two large firms was finalized.,Business
The team won the championship after a dramatic game.,Sports
The player scored a hat-trick in the final.,Sports
A solar-powered vehicle broke speed records.,Sci/Tech
A peace agreement was signed after months of talks.,World
The team won the championship after a dramatic game.,Sports
The team won the championship after a dramatic game.,Sports
A major breakthrough was made in cancer research.,Sci/Tech
The team won the championship after a dramatic game.,Sports
The summit focused on climate change and cooperation.,World
Elections were held amid growing political tensions.,World
Scientists discovered a new species of marine life.,Sci/Tech
A peace agreement was signed after months of talks.,World
The new AI model can generate realistic images.,Sci/Tech
The company announced record profits this quarter.,Business
The coach was praised for his bold strategy.,Sports
The player scored a hat-trick in the final.,Sports
SpaceX launched another rocket into low Earth orbit.,Sci/Tech
A merger between two large firms was finalized.,Business
Scientists discovered a new species of marine life.,Sci/Tech
International aid was sent after the natural disaster.,World
Elections were held amid growing political tensions.,World
The player scored a hat-trick in the final.,Sports
Investors are cautious due to inflation concerns.,Business
Scientists discovered a new species of marine life.,Sci/Tech
International aid was sent after the natural disaster.,World
The summit focused on climate change and cooperation.,World
The new AI model can generate realistic images.,Sci/Tech
A major breakthrough was made in cancer research.,Sci/Tech
Stock prices dropped after the interest rate hike.,Business
The new AI model can generate realistic images.,Sci/Tech
A merger between two large firms was finalized.,Business
SpaceX launched another rocket into low Earth orbit.,Sci/Tech
The team won the championship after a dramatic game.,Sports
Stock prices dropped after the interest rate hike.,Business
A major breakthrough was made in cancer research.,Sci/Tech
Scientists discovered a new species of marine life.,Sci/Tech
Elections were held amid growing political tensions.,World
The new AI model can generate realistic images.,Sci/Tech
A solar-powered vehicle broke speed records.,Sci/Tech
The coach was praised for his bold strategy.,Sports
Fans gathered to celebrate the unexpected victory.,Sports
The new AI model can generate realistic images.,Sci/Tech
Investors are cautious due to inflation concerns.,Business
The company announced record profits this quarter.,Business
Investors are cautious due to inflation concerns.,Business
Cryptocurrency values surged overnight.,Business
Protests erupted in the capital city last night.,World
Scientists discovered a new species of marine life.,Sci/Tech
The summit focused on climate change and cooperation.,World
International aid was sent after the natural disaster.,World
The player scored a hat-trick in the final.,Sports
SpaceX launched another rocket into low Earth orbit.,Sci/Tech
A solar-powered vehicle broke speed records.,Sci/Tech
Scientists discovered a new species of marine life.,Sci/Tech
The summit focused on climate change and cooperation.,World
SpaceX launched another rocket into low Earth orbit.,Sci/Tech
Fans gathered to celebrate the unexpected victory.,Sports
The summit focused on climate change and cooperation.,World
Protests erupted in the capital city last night.,World
Fans gathered to celebrate the unexpected victory.,Sports
A controversial referee decision changed the outcome.,Sports
A merger between two large firms was finalized.,Business
Scientists discovered a new species of marine life.,Sci/Tech
Elections were held amid growing political tensions.,World
The summit focused on climate change and cooperation.,World
The coach was praised for his bold strategy.,Sports
International aid was sent after the natural disaster.,World
SpaceX launched another rocket into low Earth orbit.,Sci/Tech
Elections were held amid growing political tensions.,World
A peace agreement was signed after months of talks.,World
A merger between two large firms was finalized.,Business
Fans gathered to celebrate the unexpected victory.,Sports
The company announced record profits this quarter.,Business
The company announced record profits this quarter.,Business
International aid was sent after the natural disaster.,World
Investors are cautious due to inflation concerns.,Business
The team won the championship after a dramatic game.,Sports
The company announced record profits this quarter.,Business
A solar-powered vehicle broke speed records.,Sci/Tech
A peace agreement was signed after months of talks.,World
A controversial referee decision changed the outcome.,Sports
Investors are cautious due to inflation concerns.,Business
Elections were held amid growing political tensions.,World
A solar-powered vehicle broke speed records.,Sci/Tech
A merger between two large firms was finalized.,Business
The new AI model can generate realistic images.,Sci/Tech
The coach was praised for his bold strategy.,Sports
A major breakthrough was made in cancer research.,Sci/Tech
Cryptocurrency values surged overnight.,Business
A solar-powered vehicle broke speed records.,Sci/Tech
Fans gathered to celebrate the unexpected victory.,Sports
Elections were held amid growing political tensions.,World
A solar-powered vehicle broke speed records.,Sci/Tech
Elections were held amid growing political tensions.,World
A solar-powered vehicle broke speed records.,Sci/Tech
Investors are cautious due to inflation concerns.,Business
Fans gathered to celebrate the unexpected victory.,Sports
Stock prices dropped after the interest rate hike.,Business
A controversial referee decision changed the outcome.,Sports
A major breakthrough was made in cancer research.,Sci/Tech
A major breakthrough was made in cancer research.,Sci/Tech
A major breakthrough was made in cancer research.,Sci/Tech
The team won the championship after a dramatic game.,Sports
The team won the championship after a dramatic game.,Sports
The coach was praised for his bold strategy.,Sports
The coach was praised for his bold strategy.,Sports
The company announced record profits this quarter.,Business
The new AI model can generate realistic images.,Sci/Tech
Scientists discovered a new species of marine life.,Sci/Tech
The summit focused on climate change and cooperation.,World
Scientists discovered a new species of marine life.,Sci/Tech
Investors are cautious due to inflation concerns.,Business
Cryptocurrency values surged overnight.,Business
Scientists discovered a new species of marine life.,Sci/Tech
A solar-powered vehicle broke speed records.,Sci/Tech
A major breakthrough was made in cancer research.,Sci/Tech
Stock prices dropped after the interest rate hike.,Business
The company announced record profits this quarter.,Business
The player scored a hat-trick in the final.,Sports
A major breakthrough was made in cancer research.,Sci/Tech
Scientists discovered a new species of marine life.,Sci/Tech
The coach was praised for his bold strategy.,Sports
Investors are cautious due to inflation concerns.,Business
Protests erupted in the capital city last night.,World
Fans gathered to celebrate the unexpected victory.,Sports
A solar-powered vehicle broke speed records.,Sci/Tech
SpaceX launched another rocket into low Earth orbit.,Sci/Tech
The team won the championship after a dramatic game.,Sports
Investors are cautious due to inflation concerns.,Business
Investors are cautious due to inflation concerns.,Business
Protests erupted in the capital city last night.,World
The coach was praised for his bold strategy.,Sports
Protests erupted in the capital city last night.,World
The summit focused on climate change and cooperation.,World
The new AI model can generate realistic images.,Sci/Tech
International aid was sent after the natural disaster.,World
Elections were held amid growing political tensions.,World
The new AI model can generate realistic images.,Sci/Tech
A controversial referee decision changed the outcome.,Sports
Investors are cautious due to inflation concerns.,Business
The coach was praised for his bold strategy.,Sports
A major breakthrough was made in cancer research.,Sci/Tech
The team won the championship after a dramatic game.,Sports
A peace agreement was signed after months of talks.,World
A solar-powered vehicle broke speed records.,Sci/Tech
A merger between two large firms was finalized.,Business
A controversial referee decision changed the outcome.,Sports
The team won the championship after a dramatic game.,Sports
Stock prices dropped after the interest rate hike.,Business
Stock prices dropped after the interest rate hike.,Business
A merger between two large firms was finalized.,Business
The coach was praised for his bold strategy.,Sports
Fans gathered to celebrate the unexpected victory.,Sports
Elections were held amid growing political tensions.,World
A controversial referee decision changed the outcome.,Sports
The new AI model can generate realistic images.,Sci/Tech
Stock prices dropped after the interest rate hike.,Business
Stock prices dropped after the interest rate hike.,Business
A solar-powered vehicle broke speed records.,Sci/Tech
A controversial referee decision changed the outcome.,Sports
Stock prices dropped after the interest rate hike.,Business
Fans gathered to celebrate the unexpected victory.,Sports
The summit focused on climate change and cooperation.,World
Stock prices dropped after the interest rate hike.,Business
The summit focused on climate change and cooperation.,World
The company announced record profits this quarter.,Business
The coach was praised for his bold strategy.,Sports
International aid was sent after the natural disaster.,World
SpaceX launched another rocket into low Earth orbit.,Sci/Tech
The team won the championship after a dramatic game.,Sports
Stock prices dropped after the interest rate hike.,Business
A solar-powered vehicle broke speed records.,Sci/Tech
SpaceX launched another rocket into low Earth orbit.,Sci/Tech
Fans gathered to celebrate the unexpected victory.,Sports
The new AI model can generate realistic images.,Sci/Tech
International aid was sent after the natural disaster.,World
SpaceX launched another rocket into low Earth orbit.,Sci/Tech
A solar-powered vehicle broke speed records.,Sci/Tech
A major breakthrough was made in cancer research.,Sci/Tech
The player scored a hat-trick in the final.,Sports
Fans gathered to celebrate the unexpected victory.,Sports
International aid was sent after the natural disaster.,World
Cryptocurrency values surged overnight.,Business
The player scored a hat-trick in the final.,Sports
Protests erupted in the capital city last night.,World
Elections were held amid growing political tensions.,World
A controversial referee decision changed the outcome.,Sports
The player scored a hat-trick in the final.,Sports
A controversial referee decision changed the outcome.,Sports
SpaceX launched another rocket into low Earth orbit.,Sci/Tech
A solar-powered vehicle broke speed records.,Sci/Tech
The new AI model can generate realistic images.,Sci/Tech
A major breakthrough was made in cancer research.,Sci/Tech
The new AI model can generate realistic images.,Sci/Tech
The new AI model can generate realistic images.,Sci/Tech
A merger between two large firms was finalized.,Business
Cryptocurrency values surged overnight.,Business
Cryptocurrency values surged overnight.,Business
Elections were held amid growing political tensions.,World
The company announced record profits this quarter.,Business
A major breakthrough was made in cancer research.,Sci/Tech
A peace agreement was signed after months of talks.,World
Stock prices dropped after the interest rate hike.,Business
The player scored a hat-trick in the final.,Sports
The company announced record profits this quarter.,Business
A merger between two large firms was finalized.,Business
International aid was sent after the natural disaster.,World
A solar-powered vehicle broke speed records.,Sci/Tech
A peace agreement was signed after months of talks.,World
Protests erupted in the capital city last night.,World
The company announced record profits this quarter.,Business
Fans gathered to celebrate the unexpected victory.,Sports
Protests erupted in the capital city last night.,World
Cryptocurrency values surged overnight.,Business
The company announced record profits this quarter.,Business
Investors are cautious due to inflation concerns.,Business
Protests erupted in the capital city last night.,World
Scientists discovered a new species of marine life.,Sci/Tech
Cryptocurrency values surged overnight.,Business
SpaceX launched another rocket into low Earth orbit.,Sci/Tech
The coach was praised for his bold strategy.,Sports
Stock prices dropped after the interest rate hike.,Business
SpaceX launched another rocket into low Earth orbit.,Sci/Tech
A merger between two large firms was finalized.,Business
Scientists discovered a new species of marine life.,Sci/Tech
The team won the championship after a dramatic game.,Sports
The summit focused on climate change and cooperation.,World
The coach was praised for his bold strategy.,Sports
Cryptocurrency values surged overnight.,Business
A solar-powered vehicle broke speed records.,Sci/Tech
The summit focused on climate change and cooperation.,World
The new AI model can generate realistic images.,Sci/Tech
